site,label,year,n_valid,median_dist_m,mean_dist_m,p25_dist_m,p75_dist_m,pct_landward
funafuti,Funafuti,1999,1352,-8.0,-71.17,-72.03,3.34,63.5
funafuti,Funafuti,2000,1352,-11.65,-94.48,-75.51,2.02,68.4
funafuti,Funafuti,2001,1385,-8.32,-27.07,-33.99,2.55,69.1
funafuti,Funafuti,2003,1385,-10.77,-30.25,-34.11,1.4,72.3
funafuti,Funafuti,2004,1385,-7.46,-18.61,-18.84,1.97,69.8
funafuti,Funafuti,2006,1385,-2.08,-5.52,-10.07,4.24,59.6
funafuti,Funafuti,2007,1305,-1.33,275.55,-14.05,14.13,51.3
funafuti,Funafuti,2008,1303,0.53,435.89,-8.37,21.2,45.6
funafuti,Funafuti,2009,1385,2.96,0.78,-2.19,8.39,34.9
funafuti,Funafuti,2010,1010,-0.78,411.94,-7.78,22.7,39.3
funafuti,Funafuti,2011,1385,-4.87,26.56,-16.54,6.16,63.2
funafuti,Funafuti,2012,1385,-2.88,-4.01,-6.81,0.36,72.6
funafuti,Funafuti,2013,1385,-1.36,-2.6,-4.06,1.18,63.6
funafuti,Funafuti,2014,1385,-1.18,-2.69,-4.17,1.42,62.2
funafuti,Funafuti,2015,1385,-0.97,17.64,-5.57,1.85,58.6
funafuti,Funafuti,2016,1385,1.09,4.39,-1.27,3.43,36.8
funafuti,Funafuti,2017,1385,0.42,2.67,-2.09,2.78,45.6
funafuti,Funafuti,2018,1385,-0.85,-1.46,-3.86,1.29,58.6
funafuti,Funafuti,2019,1385,0.11,-0.02,-2.37,2.34,48.4
funafuti,Funafuti,2020,1385,-0.42,1.62,-3.74,3.1,52.9
funafuti,Funafuti,2021,1385,-0.22,-0.15,-5.06,2.78,51.8
funafuti,Funafuti,2022,1385,-0.3,-1.35,-2.3,1.44,54.2
funafuti,Funafuti,2023,1385,0.0,0.0,0.0,0.0,0.0
nanumea,Nanumea,1999,351,-3.58,-128.8,-16.79,0.62,72.1
nanumea,Nanumea,2000,351,-3.73,-152.88,-16.94,0.51,72.6
nanumea,Nanumea,2002,351,-2.99,-41.16,-15.14,1.2,69.2
nanumea,Nanumea,2003,351,-2.89,-3.98,-10.66,0.9,70.4
nanumea,Nanumea,2005,351,0.53,0.84,-4.68,5.55,45.6
nanumea,Nanumea,2006,351,-0.15,-0.45,-5.86,4.67,50.1
nanumea,Nanumea,2007,351,3.61,3.43,-3.53,7.96,36.5
nanumea,Nanumea,2008,351,5.67,7.19,-0.26,10.68,25.4
nanumea,Nanumea,2009,319,442.3,677.56,156.02,1219.25,8.8
nanumea,Nanumea,2010,319,635.12,776.39,286.75,1324.45,4.6
nanumea,Nanumea,2011,351,6.14,7.03,1.2,11.64,21.1
nanumea,Nanumea,2012,351,-0.49,274.05,-410.66,826.61,50.1
nanumea,Nanumea,2013,351,-2.63,-1.58,-8.64,0.51,72.4
nanumea,Nanumea,2014,351,-2.6,-1.69,-8.76,0.74,70.7
nanumea,Nanumea,2015,351,4.85,10.06,2.04,8.51,14.8
nanumea,Nanumea,2016,351,2.61,2.23,-0.81,5.8,29.3
nanumea,Nanumea,2017,351,0.69,0.47,-1.65,2.66,41.6
nanumea,Nanumea,2018,351,-1.12,-2.28,-4.83,1.5,60.4
nanumea,Nanumea,2019,351,-0.76,-2.04,-3.18,1.69,59.8
nanumea,Nanumea,2020,351,1.68,-1.9,-1.0,3.76,34.8
nanumea,Nanumea,2021,351,-1.25,-7.39,-4.22,1.55,65.5
nanumea,Nanumea,2022,351,0.6,-0.65,-2.27,2.22,42.7
nanumea,Nanumea,2023,351,0.0,0.0,0.0,0.0,0.0
tarawa,Tarawa,1999,84,-1671.63,-1385.63,-2813.34,-933.7,4.6
tarawa,Tarawa,2000,84,-1316.59,-1250.87,-2954.54,-281.61,4.6
tarawa,Tarawa,2001,84,456.46,217.26,-374.97,1131.81,2.0
tarawa,Tarawa,2002,1621,17.76,391.51,-15.19,892.79,37.8
tarawa,Tarawa,2003,1621,1.89,-0.89,-3.12,9.0,41.1
tarawa,Tarawa,2004,1555,3.92,19.83,-1.58,11.39,31.6
tarawa,Tarawa,2005,1559,1.78,-2.62,-3.92,9.37,40.2
tarawa,Tarawa,2006,1559,0.06,-5.21,-5.43,7.13,48.0
tarawa,Tarawa,2007,1558,-2.31,-16.54,-7.55,3.96,58.5
tarawa,Tarawa,2008,802,-488.4,-23.22,-2686.39,2860.08,27.7
tarawa,Tarawa,2009,1490,543.58,792.52,-123.94,1900.71,29.2
tarawa,Tarawa,2010,1489,-60.64,70.0,-559.93,771.39,52.2
tarawa,Tarawa,2011,1597,-3.69,-12.97,-10.34,3.44,64.2
tarawa,Tarawa,2012,1621,-6.95,-18.19,-21.86,-0.15,75.6
tarawa,Tarawa,2013,1621,-2.11,-8.38,-7.4,2.07,63.5
tarawa,Tarawa,2014,1621,1.36,-2.05,-3.68,5.85,42.6
tarawa,Tarawa,2015,1621,1.84,4.36,-3.12,7.13,40.7
tarawa,Tarawa,2016,1621,-1.0,-6.22,-4.85,2.42,57.3
tarawa,Tarawa,2017,1621,-2.48,-4.09,-6.55,1.72,65.5
tarawa,Tarawa,2018,1621,-4.77,-7.44,-9.45,-1.58,84.1
tarawa,Tarawa,2019,1621,-2.21,-2.52,-5.59,0.32,71.2
tarawa,Tarawa,2020,1621,2.75,11.63,-0.53,5.61,28.4
tarawa,Tarawa,2021,1621,-0.04,-0.25,-3.04,2.62,50.5
tarawa,Tarawa,2022,1621,-3.45,-4.56,-6.59,-1.33,87.4
tarawa,Tarawa,2023,1621,0.0,0.0,0.0,0.0,0.0
majuro,Majuro,1999,419,-13.93,-326.21,-80.49,-4.26,80.8
majuro,Majuro,2000,419,-16.21,-344.69,-60.53,-4.77,83.6
majuro,Majuro,2001,419,-16.89,-237.17,-49.14,-7.12,84.1
majuro,Majuro,2002,297,-733.79,-1241.77,-1969.24,-237.66,65.6
majuro,Majuro,2003,206,-9.84,-131.07,-23.55,-2.78,36.7
majuro,Majuro,2004,216,-16.41,-104.62,-517.51,370.48,27.5
majuro,Majuro,2005,335,-8.44,-271.58,-119.41,7.12,49.0
majuro,Majuro,2006,321,-15.11,-258.69,-411.72,12.49,46.7
majuro,Majuro,2007,433,-160.92,-348.53,-721.97,6.88,70.7
majuro,Majuro,2008,433,-10.55,-271.14,-130.45,0.71,73.0
majuro,Majuro,2009,433,-12.54,-272.08,-27.96,-3.7,82.9
majuro,Majuro,2010,433,-11.39,-156.14,-199.87,-0.02,75.1
majuro,Majuro,2011,336,-7.07,-81.45,-114.02,4.71,48.3
majuro,Majuro,2012,433,-6.27,-84.18,-16.92,1.31,70.9
majuro,Majuro,2013,433,-8.49,-126.1,-35.05,-3.45,85.5
majuro,Majuro,2014,433,-9.9,-51.87,-19.93,-5.67,94.9
majuro,Majuro,2015,433,-4.34,-49.86,-19.48,2.81,63.7
majuro,Majuro,2016,433,-7.31,5.96,-13.8,-4.21,86.6
majuro,Majuro,2017,433,-7.46,-27.0,-16.49,-4.35,94.9
majuro,Majuro,2018,433,-21.04,-157.3,-253.37,-5.96,91.9
majuro,Majuro,2019,433,-8.97,-39.67,-14.05,-6.09,98.4
majuro,Majuro,2020,433,-8.02,-40.46,-13.1,-4.4,96.8
majuro,Majuro,2021,433,-2.97,-33.82,-9.24,2.15,64.2
majuro,Majuro,2022,433,-0.99,-9.94,-8.38,3.97,54.5
majuro,Majuro,2023,433,0.0,0.0,0.0,0.0,0.0
kayangel,Kayangel,1999,238,-7.7,-110.51,-25.99,9.52,60.9
kayangel,Kayangel,2001,238,19.02,94.48,-145.55,354.62,39.5
kayangel,Kayangel,2002,238,0.09,-28.07,-8.67,8.71,49.2
kayangel,Kayangel,2003,238,-0.24,-25.44,-6.24,10.52,52.1
kayangel,Kayangel,2004,170,-1.11,-0.78,-5.41,4.93,43.3
kayangel,Kayangel,2005,238,-1.75,-18.79,-9.28,7.96,53.8
kayangel,Kayangel,2006,170,-254.42,-373.47,-394.38,-14.23,57.6
kayangel,Kayangel,2008,238,-0.98,-4.12,-13.8,12.28,52.9
kayangel,Kayangel,2009,238,8.15,7.3,-14.85,26.85,39.5
kayangel,Kayangel,2010,238,1.09,-11.17,-9.65,11.09,47.5
kayangel,Kayangel,2011,238,-7.86,15.35,-22.85,2.82,70.6
kayangel,Kayangel,2012,238,-9.62,-9.57,-18.89,1.43,72.7
kayangel,Kayangel,2013,238,-4.84,-4.46,-10.24,3.02,68.1
kayangel,Kayangel,2014,238,-1.78,-2.56,-5.62,1.11,64.3
kayangel,Kayangel,2015,238,3.07,3.71,-0.49,8.75,27.3
kayangel,Kayangel,2016,238,2.92,3.54,-1.08,8.45,30.7
kayangel,Kayangel,2017,238,-0.39,-0.66,-3.81,3.29,51.3
kayangel,Kayangel,2018,238,-0.39,0.35,-2.24,3.13,56.3
kayangel,Kayangel,2019,238,2.39,3.5,-2.62,8.74,39.1
kayangel,Kayangel,2020,238,0.65,-0.17,-6.26,5.53,47.5
kayangel,Kayangel,2021,238,-5.17,-5.08,-7.88,-2.53,86.1
kayangel,Kayangel,2022,238,-3.81,-4.89,-7.03,1.13,66.0
kayangel,Kayangel,2023,238,0.0,0.0,0.0,0.0,0.0
choiseul,Choiseul (Nuatambu),1999,204,-2.99,-0.34,-7.36,2.25,66.7
choiseul,Choiseul (Nuatambu),2001,18,4321.75,4289.0,4134.03,4476.95,0.0
choiseul,Choiseul (Nuatambu),2002,18,4322.52,3402.06,4134.77,4477.72,1.0
choiseul,Choiseul (Nuatambu),2003,5,-4790.83,-904.35,-4818.46,4956.05,1.5
choiseul,Choiseul (Nuatambu),2004,92,928.75,1005.94,-212.76,2456.33,15.2
choiseul,Choiseul (Nuatambu),2005,204,0.52,6.68,-5.81,14.62,46.6
choiseul,Choiseul (Nuatambu),2006,204,1.29,87.04,-11.18,111.07,46.1
choiseul,Choiseul (Nuatambu),2007,171,1046.49,1232.46,291.62,2390.95,9.8
choiseul,Choiseul (Nuatambu),2008,27,3205.12,2159.9,2839.68,3251.44,2.5
choiseul,Choiseul (Nuatambu),2009,204,1.43,299.53,-184.79,554.81,47.5
choiseul,Choiseul (Nuatambu),2010,171,-80.63,-27.38,-741.66,826.46,44.1
choiseul,Choiseul (Nuatambu),2011,204,-1.07,-1.78,-5.31,3.31,56.4
choiseul,Choiseul (Nuatambu),2012,204,0.81,1.99,-2.49,4.81,45.1
choiseul,Choiseul (Nuatambu),2013,204,3.66,3.96,-1.11,7.43,32.8
choiseul,Choiseul (Nuatambu),2014,204,4.62,4.95,-1.06,7.87,29.4
choiseul,Choiseul (Nuatambu),2015,204,1.65,3.51,-1.17,6.44,38.7
choiseul,Choiseul (Nuatambu),2016,204,0.38,3.19,-2.09,5.07,47.1
choiseul,Choiseul (Nuatambu),2017,204,0.1,2.26,-2.13,3.8,49.5
choiseul,Choiseul (Nuatambu),2018,204,0.11,1.73,-3.15,3.63,48.0
choiseul,Choiseul (Nuatambu),2019,204,1.15,3.3,-1.86,4.6,39.2
choiseul,Choiseul (Nuatambu),2020,204,0.53,1.59,-1.95,3.67,44.1
choiseul,Choiseul (Nuatambu),2021,204,-0.15,3.26,-3.15,1.84,52.9
choiseul,Choiseul (Nuatambu),2022,204,-0.75,-0.75,-2.71,1.0,61.3
choiseul,Choiseul (Nuatambu),2023,204,0.0,0.0,0.0,0.0,0.0
carteret,Carteret Islands,1999,251,-5.38,-8.2,-9.02,0.0,74.9
carteret,Carteret Islands,2000,251,-6.15,-9.27,-10.63,-2.37,82.5
carteret,Carteret Islands,2001,251,-7.57,-11.15,-17.15,-0.23,75.3
carteret,Carteret Islands,2002,251,-7.75,-9.34,-18.55,-0.35,75.7
carteret,Carteret Islands,2003,251,-6.98,-6.32,-16.47,3.45,66.5
carteret,Carteret Islands,2004,251,-6.57,-5.14,-18.77,5.47,59.0
carteret,Carteret Islands,2005,251,-6.57,-5.14,-18.77,5.47,59.0
carteret,Carteret Islands,2008,251,-5.63,-5.03,-25.19,16.69,56.2
carteret,Carteret Islands,2009,251,-8.22,-11.22,-26.1,11.65,58.6
carteret,Carteret Islands,2010,251,-6.43,-8.76,-23.91,13.56,58.6
carteret,Carteret Islands,2011,172,-120.61,-451.78,-3838.62,1282.09,38.2
carteret,Carteret Islands,2012,251,4.66,744.57,-32.44,3424.95,46.6
carteret,Carteret Islands,2013,251,1.92,2.18,-3.11,7.4,41.0
carteret,Carteret Islands,2014,251,4.57,5.58,-1.59,13.19,29.5
carteret,Carteret Islands,2015,251,8.55,13.1,4.38,17.12,10.8
carteret,Carteret Islands,2016,251,1.72,2.18,-1.81,5.1,35.1
carteret,Carteret Islands,2017,251,-3.0,-2.74,-7.23,2.22,62.9
carteret,Carteret Islands,2018,251,-2.08,-2.56,-7.74,3.62,60.6
carteret,Carteret Islands,2019,251,-2.53,-6.8,-8.75,3.37,58.6
carteret,Carteret Islands,2020,251,-3.04,-3.54,-8.21,1.38,63.7
carteret,Carteret Islands,2021,251,-2.04,-2.34,-5.83,2.1,63.7
carteret,Carteret Islands,2022,251,-4.55,-5.9,-7.23,-2.08,84.1
carteret,Carteret Islands,2023,251,0.0,0.0,0.0,0.0,0.0
natewa,Natewa Bay (Vunidogoloa),2000,47,3690.02,3737.52,3425.11,4010.82,0.0
natewa,Natewa Bay (Vunidogoloa),2001,646,-85.9,-618.74,-3059.18,557.39,42.1
natewa,Natewa Bay (Vunidogoloa),2002,523,21.64,1021.11,-7.21,2753.53,19.0
natewa,Natewa Bay (Vunidogoloa),2003,907,-74.18,-268.9,-723.35,337.92,60.9
natewa,Natewa Bay (Vunidogoloa),2004,907,-3.63,-21.25,-14.13,2.95,66.0
natewa,Natewa Bay (Vunidogoloa),2005,907,-1.02,-1.79,-5.0,2.48,58.0
natewa,Natewa Bay (Vunidogoloa),2006,907,-0.09,-0.13,-3.78,3.35,50.8
natewa,Natewa Bay (Vunidogoloa),2007,907,4.18,9.67,-1.75,8.5,32.5
natewa,Natewa Bay (Vunidogoloa),2008,907,3.8,2.41,-2.37,8.72,35.1
natewa,Natewa Bay (Vunidogoloa),2009,907,4.1,6.76,-1.34,8.24,30.1
natewa,Natewa Bay (Vunidogoloa),2010,907,4.48,3.75,-0.23,7.81,25.7
natewa,Natewa Bay (Vunidogoloa),2011,907,5.46,4.4,0.26,11.0,23.9
natewa,Natewa Bay (Vunidogoloa),2012,907,5.61,6.4,1.3,9.62,19.4
natewa,Natewa Bay (Vunidogoloa),2013,907,4.51,4.86,0.21,7.88,24.1
natewa,Natewa Bay (Vunidogoloa),2014,907,2.67,2.75,-0.51,5.74,29.0
natewa,Natewa Bay (Vunidogoloa),2015,907,1.53,2.22,-0.81,4.55,34.5
natewa,Natewa Bay (Vunidogoloa),2016,907,-1.65,-1.92,-3.8,0.47,69.5
natewa,Natewa Bay (Vunidogoloa),2017,907,2.17,2.77,-0.38,4.92,29.0
natewa,Natewa Bay (Vunidogoloa),2018,907,1.36,1.84,-1.04,4.49,36.5
natewa,Natewa Bay (Vunidogoloa),2019,907,1.43,3.95,-1.25,4.91,37.3
natewa,Natewa Bay (Vunidogoloa),2020,907,-0.66,-0.29,-2.51,1.52,56.7
natewa,Natewa Bay (Vunidogoloa),2021,907,-3.06,-3.44,-5.66,-1.06,85.2
natewa,Natewa Bay (Vunidogoloa),2022,907,-1.72,-0.14,-3.75,1.13,67.9
natewa,Natewa Bay (Vunidogoloa),2023,907,0.0,0.0,0.0,0.0,0.0
wallis,Wallis (Uvea),1999,600,-2.09,-17.29,-9.82,0.45,69.3
wallis,Wallis (Uvea),2000,600,-1.58,-9.97,-7.05,0.74,66.0
wallis,Wallis (Uvea),2001,600,-1.71,-3.11,-6.95,1.46,63.7
wallis,Wallis (Uvea),2002,600,-2.55,-3.59,-8.13,0.52,70.8
wallis,Wallis (Uvea),2003,600,-2.84,-3.98,-8.39,0.41,71.2
wallis,Wallis (Uvea),2004,600,-1.54,-4.94,-5.69,1.62,63.0
wallis,Wallis (Uvea),2005,600,-3.44,-6.42,-7.29,0.66,70.7
wallis,Wallis (Uvea),2006,458,-2512.16,-1702.57,-4062.56,-229.78,59.0
wallis,Wallis (Uvea),2007,599,-139.88,-298.46,-565.81,16.3,70.7
wallis,Wallis (Uvea),2008,240,-772.61,-1013.56,-4534.61,748.71,25.5
wallis,Wallis (Uvea),2009,583,-764.86,-809.96,-2486.64,439.14,68.8
wallis,Wallis (Uvea),2010,600,-2.22,-1.26,-6.48,4.65,59.0
wallis,Wallis (Uvea),2011,368,269.25,154.61,-1178.15,1044.26,26.8
wallis,Wallis (Uvea),2012,600,-4.62,-384.91,-817.77,137.16,61.8
wallis,Wallis (Uvea),2013,600,2.29,116.41,-3.28,147.64,39.7
wallis,Wallis (Uvea),2014,600,4.54,41.52,-1.05,45.42,27.8
wallis,Wallis (Uvea),2015,600,0.54,59.5,-2.96,4.59,46.2
wallis,Wallis (Uvea),2016,600,-2.55,-1.46,-5.56,0.56,71.3
wallis,Wallis (Uvea),2017,600,0.24,24.41,-3.45,3.48,47.7
wallis,Wallis (Uvea),2018,600,-2.62,-14.32,-7.41,0.34,72.7
wallis,Wallis (Uvea),2019,600,-1.72,-12.83,-5.77,0.88,66.7
wallis,Wallis (Uvea),2020,600,1.18,-43.01,-3.12,5.08,40.7
wallis,Wallis (Uvea),2021,600,-0.57,29.07,-3.7,1.6,58.5
wallis,Wallis (Uvea),2022,600,-0.08,20.61,-1.96,2.31,51.2
wallis,Wallis (Uvea),2023,600,0.0,0.0,0.0,0.0,0.0
