site,label,country,group,n_all,n_good,n_sig,median_rate_m_yr,median_sig_rate_m_yr,pct_eroding,pct_sig_eroding,median_sce_m,median_net_m,churn_ratio,worst_rate_m_yr,best_rate_m_yr
funafuti,Funafuti,Tuvalu,Polynesia,2039,1385,769,0.209,0.622,33.9,27.0,23.3,4.8,4.9,-2.95,11.88
nanumea,Nanumea,Tuvalu,Polynesia,802,351,129,0.097,0.34,36.2,37.2,19.1,2.4,7.9,-1.8,2.14
tarawa,Tarawa,Kiribati,Micronesia,6638,1621,659,-0.168,-0.49,65.4,73.7,19.0,-3.6,5.2,-7.96,31.26
majuro,Majuro,Marshall Islands,Micronesia,4953,433,202,0.439,0.925,27.7,13.4,40.9,10.9,3.8,-126.02,163.7
kayangel,Kayangel,Palau,Micronesia,406,238,38,-0.019,0.646,52.1,47.4,40.8,-0.5,85.9,-1.34,5.57
choiseul,Choiseul (Nuatambu),Solomon Islands,Melanesia,1479,204,72,0.037,0.258,42.6,41.7,16.9,0.9,18.3,-2.79,1.92
carteret,Carteret Islands,Papua New Guinea,Melanesia,280,251,36,0.334,0.783,23.1,0.0,51.4,8.4,6.2,-0.62,2.02
natewa,Natewa Bay (Vunidogoloa),Fiji,Melanesia,1136,907,350,-0.105,-0.357,63.7,62.9,16.6,-2.1,7.8,-1.51,1.87
wallis,Wallis (Uvea),Wallis and Futuna,Polynesia,2553,600,145,0.109,0.327,30.2,14.5,20.2,2.7,7.4,-20.07,62.34
